date,open,high,low,close,volume
2024-01-01,100.5,101.97,99.16,100.36,6734
2024-01-02,99.44,100.35,98.65,99.31,9322
2024-01-03,98.85,99.75,98.49,99.38,5555
2024-01-04,99.41,100.2,98.89,98.98,3747
2024-01-05,98.28,99.83,95.8,96.18,8734
2024-01-08,96.16,98.16,94.85,96.5,6393
2024-01-09,95.92,97.02,94.61,96.83,6486
2024-01-10,97.75,100.95,97.41,99.29,4152
2024-01-11,100.11,100.73,97.86,98.89,4843
2024-01-12,99.1,101.82,98.93,99.98,2016
2024-01-15,100.24,103.08,98.31,101.89,7331
2024-01-16,100.74,102.49,100.59,100.87,9006
2024-01-17,98.98,99.56,97.6,97.63,6618
2024-01-18,98.63,101.09,98.49,99.55,7184
2024-01-19,98.66,99.39,97.23,98.55,9996
2024-01-22,99.35,102.48,98.41,100.7,9110
2024-01-23,101.68,103.64,100.11,102.49,7938
2024-01-24,99.8,100.67,99.59,100.62,1863
2024-01-25,99.19,101.25,97.39,100.23,8574
2024-01-26,101.1,103.83,99.2,103.41,4157
2024-01-29,103.72,105.27,103.5,104.65,4627
2024-01-30,105.65,106.34,105.18,105.43,6592
2024-01-31,104.69,105.17,103.46,104.35,6864
2024-02-01,103.44,104.55,101.92,102.92,1663
2024-02-02,102.75,104.24,101.31,103.17,6232
2024-02-05,103.15,103.66,101.69,103.12,8554
2024-02-06,102.02,102.09,99.77,101.0,5737
2024-02-07,100.56,101.25,99.2,100.47,6249
2024-02-08,97.96,100.51,96.8,99.41,4510
2024-02-09,98.64,100.85,97.92,99.4,3931
2024-02-12,99.36,101.2,97.77,99.58,5282
2024-02-13,101.27,102.19,100.24,102.16,9338
2024-02-14,101.42,103.33,100.35,101.15,7694
2024-02-15,100.36,102.21,98.28,100.03,1262
2024-02-16,101.08,102.74,100.01,101.61,3049
2024-02-19,102.63,103.17,102.05,102.78,3255
2024-02-20,103.42,104.85,103.08,104.68,5199
2024-02-21,104.98,104.99,103.9,104.23,5433
2024-02-22,101.23,103.25,100.07,100.42,6699
2024-02-23,99.67,101.15,97.26,98.54,2218
2024-02-26,99.35,101.42,98.62,101.23,4446
2024-02-27,101.78,103.77,99.28,100.25,6895
2024-02-28,101.47,103.04,100.3,102.01,6600
2024-02-29,102.65,103.23,101.72,101.77,8679
2024-03-01,101.64,104.38,99.69,102.4,6088
2024-03-04,102.17,102.56,101.14,101.69,4394
2024-03-05,101.91,103.81,99.24,100.64,2895
2024-03-06,99.48,101.38,98.89,100.86,1784
2024-03-07,101.32,103.73,100.47,103.12,2841
2024-03-08,103.65,109.36,102.3,107.65,7655
2024-03-11,107.05,108.94,106.85,106.91,6919
2024-03-12,106.39,107.47,105.24,106.48,2148
2024-03-13,106.64,107.32,106.55,106.79,4854
2024-03-14,105.83,106.94,103.86,105.48,4051
2024-03-15,105.43,107.76,105.02,105.98,5142
2024-03-18,105.17,105.89,103.13,105.61,2693
2024-03-19,105.5,106.41,103.42,104.98,9932
2024-03-20,106.85,106.98,104.19,106.13,8805
2024-03-21,106.32,108.04,104.93,106.94,1580
2024-03-22,105.52,108.0,104.77,107.47,8253
2024-03-25,107.94,109.81,107.73,108.78,3479
2024-03-26,108.18,110.38,106.78,109.37,6881
2024-03-27,111.06,112.63,110.22,112.52,7905
2024-03-28,112.53,114.6,110.99,113.38,3839
2024-03-29,113.77,116.66,112.23,114.82,3427
2024-04-01,115.08,116.97,113.33,114.77,6536
2024-04-02,113.46,114.75,112.97,114.13,4373
2024-04-03,113.57,114.53,111.65,113.81,1417
2024-04-04,113.78,115.35,111.04,111.82,1412
2024-04-05,111.72,113.88,109.94,111.16,6988
2024-04-08,111.99,114.9,111.06,112.67,6073
2024-04-09,113.23,115.19,110.24,111.5,4440
2024-04-10,112.77,114.28,111.92,113.74,9787
2024-04-11,113.14,116.26,112.26,114.22,1395
2024-04-12,114.67,116.22,113.42,114.52,6486
2024-04-15,115.81,118.79,113.62,118.29,2167
2024-04-16,117.46,118.76,116.42,117.45,6334
2024-04-17,119.58,122.39,117.94,120.07,1953
2024-04-18,119.08,119.57,117.41,119.37,7313
2024-04-19,120.43,120.78,118.91,120.15,6541
2024-04-22,121.53,123.84,118.57,120.95,4141
2024-04-23,120.76,123.93,119.05,123.0,9905
2024-04-24,122.63,123.78,122.49,122.63,7619
2024-04-25,123.42,125.93,121.74,124.08,1504
2024-04-26,122.29,124.41,120.71,121.26,1133
2024-04-29,118.96,119.77,116.76,119.67,6348
2024-04-30,120.68,120.86,118.99,119.39,4376
2024-05-01,118.88,122.61,117.49,121.09,3703
2024-05-02,121.53,124.12,121.39,121.79,9549
2024-05-03,124.45,125.14,122.98,123.45,4719
2024-05-06,124.72,124.91,120.08,122.46,4775
2024-05-07,121.86,122.54,120.8,121.8,3779
2024-05-08,121.01,121.19,118.25,120.52,8026
2024-05-09,121.42,124.24,119.15,123.21,8409
2024-05-10,121.69,122.92,119.8,121.92,3193
2024-05-13,119.83,123.81,117.81,121.46,5000
2024-05-14,118.48,119.12,117.28,117.41,3000
2024-05-15,119.33,121.79,117.94,119.6,4636
2024-05-16,119.23,119.54,115.08,117.32,1716
2024-05-17,117.71,119.49,117.3,117.41,8239
2024-05-20,117.41,118.52,114.96,116.91,5363
2024-05-21,116.25,120.2,114.42,119.2,5673
2024-05-22,119.44,120.95,117.92,119.5,8002
2024-05-23,119.8,121.11,118.18,119.26,6115
2024-05-24,119.52,121.19,115.4,117.27,1137
2024-05-27,117.25,118.8,116.17,118.18,8941
2024-05-28,115.74,117.21,115.08,115.64,2906
2024-05-29,113.12,116.77,112.22,115.42,7031
2024-05-30,114.15,115.5,112.1,114.71,4266
2024-05-31,115.24,116.65,114.73,115.26,8956
2024-06-03,114.65,115.06,113.54,113.74,7376
2024-06-04,114.64,114.93,113.55,114.31,8240
2024-06-05,114.26,115.83,112.07,113.23,3878
2024-06-06,113.43,114.69,111.34,113.47,9717
2024-06-07,111.75,114.33,110.08,113.28,5621
2024-06-10,114.26,116.52,114.19,114.8,4345
2024-06-11,116.55,117.12,113.07,113.69,9905
2024-06-12,115.04,115.5,113.81,115.3,5632
2024-06-13,115.55,118.18,113.72,116.6,7371
2024-06-14,119.37,122.38,118.34,120.58,7738
2024-06-17,118.74,120.88,115.97,117.39,1876
2024-06-18,117.98,117.99,117.22,117.75,2605
2024-06-19,116.98,117.42,115.75,116.41,4735
2024-06-20,113.5,116.52,113.24,114.28,8489
2024-06-21,115.19,115.37,112.94,115.35,3551
2024-06-24,116.29,118.63,115.05,116.95,7316
2024-06-25,116.18,117.6,115.19,116.84,1224
2024-06-26,117.09,120.78,115.3,119.1,2828
2024-06-27,120.01,120.79,118.58,120.02,1009
2024-06-28,122.42,125.35,120.74,124.84,2619
2024-07-01,125.89,127.8,122.98,124.47,4490
2024-07-02,125.18,127.26,122.52,124.93,2908
2024-07-03,125.14,125.71,124.97,125.25,6415
2024-07-04,125.98,128.51,123.96,126.61,5820
2024-07-05,125.88,127.47,122.75,125.02,1600
2024-07-08,124.68,127.92,123.59,125.87,7943
2024-07-09,123.51,125.36,121.84,123.08,3712
2024-07-10,121.59,122.88,119.47,119.63,5018
2024-07-11,116.89,119.35,115.18,118.56,6567
2024-07-12,120.58,121.97,118.14,120.54,2120
2024-07-15,121.71,122.94,121.22,122.59,5612
2024-07-16,122.17,125.2,121.9,123.18,7371
2024-07-17,125.96,127.22,123.44,124.78,3371
2024-07-18,125.99,128.84,124.24,127.21,1793
2024-07-19,126.23,126.69,122.39,124.66,7166
2024-07-22,125.47,125.86,123.93,125.4,1984
2024-07-23,126.49,127.99,125.05,125.31,4876
2024-07-24,124.32,126.34,122.81,124.9,6109
2024-07-25,124.49,124.9,123.44,123.91,4030
2024-07-26,127.05,128.74,126.91,127.72,9393
2024-07-29,126.42,127.78,122.04,124.33,9577
2024-07-30,122.4,124.65,117.59,118.99,5971
2024-07-31,118.76,120.51,118.37,119.13,4572
2024-08-01,118.86,121.08,117.36,119.69,6588
2024-08-02,120.22,121.34,118.88,120.24,9533
2024-08-05,123.33,123.57,121.48,123.4,9058
2024-08-06,122.7,125.25,121.17,124.09,9477
2024-08-07,124.46,126.66,122.69,125.92,7645
2024-08-08,123.3,124.68,121.39,121.77,7016
2024-08-09,121.08,122.9,120.15,120.81,7305
2024-08-12,120.37,120.75,118.57,120.29,1832
2024-08-13,118.34,119.21,117.14,118.74,9519
2024-08-14,118.86,119.28,117.15,118.7,4054
2024-08-15,119.73,122.86,118.28,120.47,3538
2024-08-16,120.14,120.92,118.66,118.87,5425
2024-08-19,116.89,121.07,114.97,118.95,7035
2024-08-20,120.14,121.02,119.45,119.53,2555
2024-08-21,118.0,121.4,116.97,120.07,8083
2024-08-22,119.65,121.31,117.29,119.96,5223
2024-08-23,119.88,121.11,116.51,118.27,5033
2024-08-26,116.67,117.87,114.73,117.54,3051
2024-08-27,118.84,122.18,117.58,120.21,6475
2024-08-28,119.29,120.26,118.1,119.29,2622
2024-08-29,118.22,119.95,116.55,117.14,7136
2024-08-30,120.38,122.39,119.14,120.12,3681
2024-09-02,117.89,120.15,116.29,116.72,5788
2024-09-03,115.05,116.62,114.38,115.72,8679
2024-09-04,115.98,117.91,113.78,116.48,5150
2024-09-05,117.06,118.99,116.56,117.28,8715
2024-09-06,115.83,117.95,113.87,116.0,8674
2024-09-09,114.04,116.94,113.8,115.16,3343
2024-09-10,115.12,118.78,114.12,117.16,8970
2024-09-11,117.75,120.02,117.11,118.38,8009
2024-09-12,118.01,119.92,114.98,117.23,6136
2024-09-13,117.15,118.31,115.88,117.87,9407
2024-09-16,118.69,122.04,116.97,120.22,8119
2024-09-17,119.67,121.61,119.14,120.43,4993
2024-09-18,120.6,120.71,118.73,120.14,9592
2024-09-19,120.47,122.67,118.85,118.93,9820
2024-09-20,117.95,118.95,116.96,118.68,2500
2024-09-23,120.02,122.05,119.16,119.92,4561
2024-09-24,121.54,124.02,120.18,123.12,8980
2024-09-25,123.39,124.23,121.02,122.8,9230
2024-09-26,123.31,125.26,120.16,120.93,9684
2024-09-27,119.3,120.05,117.22,119.99,5346
2024-09-30,120.09,123.65,118.17,121.37,8206
2024-10-01,124.52,125.2,122.73,123.72,8069
2024-10-02,121.63,123.43,118.92,119.5,3050
2024-10-03,117.27,119.27,115.25,116.92,5388
2024-10-04,116.88,118.05,115.29,117.15,2828
2024-10-07,118.31,120.54,116.95,118.05,2868
2024-10-08,117.88,119.85,116.56,117.1,4564
2024-10-09,116.61,118.84,114.57,116.49,2796
2024-10-10,115.04,116.89,113.66,115.69,8657
2024-10-11,113.58,119.51,111.54,117.17,8906
2024-10-14,116.35,117.6,114.16,115.53,2933
2024-10-15,115.37,117.59,114.74,116.67,2218
2024-10-16,117.31,119.88,117.1,118.58,8291
2024-10-17,116.94,118.63,114.94,116.09,9228
2024-10-18,116.89,117.07,113.69,115.65,1317
2024-10-21,117.05,118.27,115.46,117.45,4930
2024-10-22,117.93,119.92,115.88,118.68,3139
2024-10-23,119.66,121.94,118.03,120.26,5286
2024-10-24,119.15,121.97,116.86,119.86,3808
2024-10-25,119.41,121.19,118.04,118.42,3403
2024-10-28,120.27,121.31,119.81,120.69,2136
2024-10-29,119.49,120.58,119.47,119.67,2007
2024-10-30,119.99,121.29,117.21,119.51,2435
2024-10-31,120.24,120.71,117.98,120.46,2887
2024-11-01,121.05,122.77,119.18,120.32,9213
2024-11-04,119.74,121.99,117.41,119.9,9476
2024-11-05,122.32,123.77,120.48,121.41,9220
2024-11-06,123.32,125.0,122.13,123.23,4356
2024-11-07,123.34,126.84,122.61,124.78,2823
2024-11-08,125.09,126.72,123.7,124.38,3896
2024-11-11,124.92,127.37,122.51,125.22,2682
2024-11-12,126.34,126.93,125.55,126.08,4056
2024-11-13,124.51,128.49,123.33,126.3,2607
2024-11-14,125.77,126.0,124.78,125.17,2050
2024-11-15,125.74,128.09,125.41,126.51,9884
2024-11-18,126.3,126.31,123.12,124.61,2875
2024-11-19,122.92,124.13,122.37,122.53,6109
2024-11-20,123.62,124.69,119.1,121.5,5167
2024-11-21,123.88,124.86,121.0,123.4,9357
2024-11-22,124.67,126.81,121.38,123.3,1778
2024-11-25,122.11,122.7,119.64,122.05,6791
2024-11-26,122.04,122.55,120.73,121.57,7047
2024-11-27,122.81,123.13,120.79,122.92,8833
2024-11-28,121.69,123.07,119.68,121.35,4041
2024-11-29,121.47,123.79,120.84,121.14,1634
2024-12-02,121.21,122.93,118.33,120.43,4389
2024-12-03,121.05,123.82,119.45,122.64,1207
2024-12-04,124.25,125.62,122.65,124.5,5904
2024-12-05,124.22,126.02,121.26,122.71,2560
2024-12-06,122.32,125.24,121.5,122.84,2927
2024-12-09,122.61,124.0,122.21,123.89,8057
2024-12-10,122.26,125.07,121.06,123.73,9946
2024-12-11,123.11,123.44,122.47,123.37,8005
2024-12-12,123.26,125.97,121.71,123.88,4453
2024-12-13,124.15,126.55,122.35,125.45,6631
2024-12-16,127.35,131.49,125.68,129.44,2394
2024-12-17,128.29,129.27,125.36,126.54,3958
2024-12-18,127.49,128.52,125.05,126.57,1525
2024-12-19,126.54,128.66,124.34,128.02,2646
2024-12-20,130.0,134.1,129.75,132.34,4216
2024-12-23,132.84,133.52,130.98,132.72,6543
2024-12-24,130.58,133.22,129.96,132.59,4081
2024-12-25,129.82,132.3,128.7,130.15,6895
2024-12-26,132.1,133.67,131.66,133.22,4192
2024-12-27,131.04,134.04,128.99,132.62,3203
2024-12-30,132.85,135.75,132.76,134.3,1968
2024-12-31,135.28,135.45,134.95,135.35,5293
